Date,TempMean,TempMin,TempMax,Radiation,Precipitation,VapPressure,Windspeed
2020-01-01,1.3,-2.9,5.3,3268,0.0,0.49,1.8
2020-01-02,-0.2,-3.7,5.2,4651,0.0,0.47,2.2
2020-01-03,4.3,0.4,7.0,1646,4.0,0.62,3.6
2020-01-04,4.2,1.2,6.3,1662,1.1,0.65,4.2
2020-01-05,1.7,-0.8,4.6,1939,0.0,0.56,2.1
2020-01-06,4.7,0.8,6.7,2045,0.0,0.64,2.2
2020-01-07,2.9,-0.9,6.0,1715,0.0,0.57,2.6
2020-01-08,6.7,2.9,8.9,1735,1.5,0.74,2.9
2020-01-09,8.4,6.8,10.0,1757,4.6,0.95,2.7
2020-01-10,9.0,4.4,11.0,2860,0.9,0.82,3.4
2020-01-11,4.4,2.0,6.5,3348,0.0,0.69,2.7
2020-01-12,3.7,0.9,6.6,4349,0.1,0.63,3.6
2020-01-13,5.1,1.6,7.7,2362,0.0,0.67,2.6
2020-01-14,7.3,1.5,10.5,2067,0.2,0.68,4.0
2020-01-15,11.1,7.5,13.9,3182,0.0,1.01,3.9
2020-01-16,6.7,2.8,10.7,5608,0.0,0.74,2.3
2020-01-17,4.2,1.0,8.3,5388,0.1,0.65,2.6
2020-01-18,5.6,3.4,7.7,3605,0.0,0.75,2.9
2020-01-19,3.9,2.2,5.4,2228,0.0,0.69,1.9
2020-01-20,0.8,-1.9,2.8,2513,0.0,0.52,1.9
2020-01-21,2.6,0.7,5.6,5924,0.0,0.62,2.3
2020-01-22,4.2,2.5,6.3,2137,0.0,0.71,2.1
2020-01-23,3.6,-0.3,6.0,3306,0.0,0.58,1.8
2020-01-24,-0.2,-2.9,3.4,5336,0.0,0.48,2.0
2020-01-25,1.0,-0.3,2.1,2252,0.0,0.58,1.9
2020-01-26,-0.1,-1.5,0.6,2293,0.0,0.53,1.9
2020-01-27,4.5,-0.1,8.5,3198,5.2,0.6,2.9
2020-01-28,5.5,2.8,8.5,3361,5.1,0.72,4.5
2020-01-29,4.6,2.7,6.7,2754,1.6,0.72,4.4
2020-01-30,5.6,2.2,8.2,2579,1.5,0.69,4.1
2020-01-31,9.8,7.3,12.2,3590,0.0,0.99,4.6
2020-02-01,10.9,7.8,12.3,2562,3.4,1.02,4.5
2020-02-02,6.9,5.3,8.6,2610,5.1,0.86,3.9
2020-02-03,7.2,5.3,9.6,2954,4.6,0.87,3.7
2020-02-04,4.9,3.4,6.3,3425,0.5,0.75,4.1
2020-02-05,3.1,1.7,4.8,7524,0.0,0.67,3.0
2020-02-06,4.5,2.5,6.1,3061,0.0,0.7,2.3
2020-02-07,5.5,4.6,6.7,2871,0.0,0.81,1.9
2020-02-08,4.7,0.7,8.4,7305,0.0,0.64,2.3
2020-02-09,9.4,5.2,13.6,6149,8.2,0.88,5.2
2020-02-10,7.0,3.9,13.8,3681,1.6,0.81,7.0
2020-02-11,4.7,2.8,6.5,3228,0.1,0.72,6.6
2020-02-12,4.2,2.8,6.3,4210,0.0,0.72,5.6
2020-02-13,3.3,1.0,5.1,5215,1.4,0.64,3.3
2020-02-14,3.8,2.0,5.6,3280,0.1,0.68,2.5
2020-02-15,5.7,1.3,10.2,8184,0.0,0.67,3.1
2020-02-16,12.1,7.3,16.9,3751,1.3,1.02,5.2
2020-02-17,9.2,6.2,10.4,4448,0.0,0.92,4.5
2020-02-18,6.5,3.3,7.9,4667,2.7,0.75,4.8
2020-02-19,5.6,4.3,6.9,5391,2.7,0.8,4.3
2020-02-20,4.7,0.0,7.4,4031,3.6,0.6,3.7
2020-02-21,6.1,3.7,7.6,5422,0.0,0.77,4.6
2020-02-22,8.3,5.5,12.5,4621,0.7,0.88,5.3
2020-02-23,6.4,3.1,8.2,3876,15.7,0.74,5.6
2020-02-24,4.9,3.2,8.3,3947,5.4,0.75,3.8
2020-02-25,7.7,3.9,9.6,7929,0.0,0.79,4.7
2020-02-26,3.0,1.6,5.3,4168,0.9,0.66,3.8
2020-02-27,3.1,1.2,5.6,4947,0.1,0.65,3.1
2020-02-28,3.5,0.4,7.9,6536,4.3,0.62,3.7
2020-02-29,6.9,0.9,11.8,6956,0.1,0.66,4.1
2020-03-01,6.8,4.2,10.0,8194,2.7,0.8,4.1
2020-03-02,6.0,3.6,9.1,7492,0.4,0.77,2.6
2020-03-03,4.0,2.0,6.4,4538,1.4,0.68,2.7
2020-03-04,4.2,1.3,8.4,7542,0.1,0.66,2.3
2020-03-05,5.0,0.1,10.5,11283,2.1,0.62,2.6
2020-03-06,4.7,2.3,6.3,4771,3.1,0.7,3.9
2020-03-07,4.1,1.6,7.7,6143,0.0,0.67,3.1
2020-03-08,5.1,0.0,10.6,7105,0.3,0.61,3.1
2020-03-09,7.5,4.2,10.6,5448,0.8,0.81,2.6
2020-03-10,6.2,2.7,11.3,5088,9.1,0.74,4.5
2020-03-11,9.5,7.1,12.6,9291,1.1,0.99,4.4
2020-03-12,9.3,3.3,12.7,8958,2.9,0.77,5.3
2020-03-13,5.7,1.9,9.0,8252,0.0,0.68,4.6
2020-03-14,2.5,-1.9,7.4,15546,0.0,0.53,1.9
2020-03-15,5.6,0.0,12.1,14975,0.0,0.63,3.2
2020-03-16,8.5,1.9,16.2,14578,0.0,0.74,2.0
2020-03-17,8.4,2.1,15.3,10577,0.0,0.73,2.0
2020-03-18,11.2,6.1,16.8,14040,0.0,0.96,2.4
2020-03-19,10.1,7.0,13.4,6882,0.1,0.98,1.5
2020-03-20,6.6,3.8,9.3,5907,0.0,0.78,2.3
2020-03-21,3.2,-1.3,7.2,14496,0.0,0.55,4.0
2020-03-22,1.2,-3.2,6.2,17702,0.0,0.49,3.8
2020-03-23,0.9,-3.7,6.1,17877,0.0,0.47,3.1
2020-03-24,2.3,-4.9,7.9,18050,0.0,0.44,2.9
2020-03-25,3.5,-3.0,9.8,18323,0.0,0.51,3.3
2020-03-26,5.1,-1.9,10.9,18089,0.0,0.55,3.4
2020-03-27,8.0,-0.4,16.1,17745,0.0,0.64,2.9
2020-03-28,6.8,0.1,14.8,18321,0.0,0.66,2.6
2020-03-29,2.0,-4.1,5.3,7382,0.4,0.45,4.0
2020-03-30,-0.4,-4.0,2.7,9350,0.4,0.45,2.7
2020-03-31,1.0,-2.1,5.4,14499,0.0,0.52,2.1
2020-04-01,4.2,-1.6,9.8,14209,0.0,0.55,2.3
2020-04-02,7.0,4.4,10.0,9010,0.0,0.82,2.9
2020-04-03,7.2,4.1,10.7,15860,0.0,0.8,3.0
2020-04-04,7.2,1.7,13.0,20419,0.0,0.7,1.7
2020-04-05,9.5,-0.4,16.6,21014,0.0,0.65,2.9
2020-04-06,13.2,4.5,21.2,21176,0.0,0.91,2.4
2020-04-07,13.0,7.7,19.0,21117,0.0,1.07,2.0
2020-04-08,13.8,5.4,22.3,21274,0.0,0.97,1.7
2020-04-09,11.6,4.7,18.3,17100,0.0,0.89,2.0
2020-04-10,8.1,-0.4,15.6,21360,0.0,0.64,1.8
2020-04-11,8.0,-0.5,15.2,21847,0.0,0.64,1.5
2020-04-12,13.7,2.8,23.8,20982,2.2,0.87,1.9
2020-04-13,7.4,2.6,12.6,13080,0.0,0.74,3.9
2020-04-14,5.5,-0.6,11.2,21722,0.0,0.6,2.9
2020-04-15,9.4,3.6,15.9,19347,0.0,0.82,2.6
2020-04-16,11.1,4.8,17.4,21429,0.0,0.88,2.0
2020-04-17,10.4,3.2,16.6,22603,0.0,0.8,1.6
2020-04-18,9.7,0.5,17.4,24015,0.0,0.69,2.1
2020-04-19,8.3,1.6,13.5,23807,0.0,0.7,3.0
2020-04-20,9.1,-0.5,15.5,24411,0.0,0.63,4.1
2020-04-21,10.7,2.9,17.1,24430,0.0,0.78,4.6
2020-04-22,11.7,2.2,18.3,24682,0.0,0.78,3.6
2020-04-23,13.1,3.3,21.0,24459,0.0,0.85,1.9
2020-04-24,13.0,4.8,21.6,21501,0.0,0.93,2.8
2020-04-25,10.7,7.0,14.7,14588,0.0,0.99,2.5
2020-04-26,11.5,3.5,18.2,20892,0.0,0.83,1.5
2020-04-27,13.2,1.8,22.1,23877,0.0,0.79,1.8
2020-04-28,14.7,6.8,22.0,18579,0.3,1.05,2.1
2020-04-29,11.2,7.5,17.1,12280,3.5,1.03,2.5
2020-04-30,12.8,7.5,18.1,15381,2.0,1.04,2.9
2020-05-01,12.5,7.8,16.6,14371,2.7,1.05,3.1
2020-05-02,9.8,5.6,13.6,15666,0.9,0.9,3.0
2020-05-03,10.2,5.1,14.0,12329,0.1,0.88,2.0
2020-05-04,8.6,4.4,12.1,10930,3.4,0.82,2.1
2020-05-05,7.3,2.5,11.8,21543,1.4,0.73,2.5
2020-05-06,10.7,3.2,16.4,24214,0.0,0.8,2.4
2020-05-07,11.0,5.6,16.5,18144,0.0,0.92,2.0
2020-05-08,13.8,4.6,20.1,26743,0.0,0.9,1.6
2020-05-09,15.9,5.6,23.1,26588,0.0,0.99,1.5
2020-05-10,17.2,10.1,24.1,19360,2.3,1.29,2.1
2020-05-11,6.8,0.6,12.5,11480,8.1,0.66,3.7
2020-05-12,6.8,0.3,11.4,18259,0.0,0.63,2.4
2020-05-13,9.4,5.1,14.2,14834,0.0,0.87,2.0
2020-05-14,8.7,2.5,14.1,18517,0.2,0.75,2.5
2020-05-15,9.0,-0.1,15.1,21459,0.0,0.65,2.6
2020-05-16,12.0,6.1,16.2,20271,0.0,0.95,2.4
2020-05-17,13.6,8.4,18.2,22468,0.0,1.1,2.5
2020-05-18,15.7,10.2,21.4,14611,0.0,1.25,2.3
2020-05-19,14.9,8.0,19.6,13529,0.0,1.09,2.3
2020-05-20,14.6,7.2,20.4,25551,0.0,1.06,1.6
2020-05-21,14.8,4.8,21.9,28641,0.0,0.94,1.5
2020-05-22,17.1,9.4,22.3,16194,3.8,1.22,2.1
2020-05-23,15.3,8.4,18.7,12319,0.0,1.11,2.8
2020-05-24,12.6,8.0,16.2,17551,7.3,1.06,3.5
2020-05-25,12.2,9.3,14.3,11004,0.1,1.13,3.1
2020-05-26,14.2,6.7,20.3,21823,0.0,1.03,1.6
2020-05-27,15.8,5.7,21.9,22502,0.2,0.97,1.9
2020-05-28,14.7,8.1,20.3,26230,0.0,1.11,2.7
2020-05-29,13.9,4.8,20.6,21568,0.0,0.92,2.1
2020-05-30,13.4,6.4,18.0,22369,0.0,0.98,2.5
2020-05-31,14.8,6.6,22.1,23679,0.0,1.04,2.7
2020-06-01,16.3,5.7,24.2,30723,0.0,1.0,2.4
2020-06-02,18.9,7.6,27.2,29230,0.0,1.16,1.7
2020-06-03,18.7,9.0,25.7,27096,0.0,1.22,1.9
2020-06-04,17.1,11.3,24.6,14364,12.4,1.37,2.2
2020-06-05,13.4,9.4,17.9,15153,3.8,1.16,3.4
2020-06-06,12.3,8.0,17.3,20157,1.0,1.07,3.2
2020-06-07,14.3,8.3,18.7,13662,0.0,1.11,2.3
2020-06-08,15.5,7.6,21.2,24928,0.0,1.09,1.5
2020-06-09,16.9,8.7,22.0,19962,0.0,1.17,1.9
2020-06-10,16.1,10.6,21.7,21257,9.9,1.3,2.1
2020-06-11,16.1,13.5,19.1,10783,2.1,1.5,2.0
2020-06-12,19.6,13.7,25.8,16552,0.2,1.59,2.5
2020-06-13,20.7,17.0,29.6,17586,13.2,1.98,2.4
2020-06-14,20.1,14.6,26.0,16700,0.0,1.68,2.7
2020-06-15,19.5,12.8,24.7,26689,0.0,1.51,2.0
2020-06-16,19.7,11.4,25.8,27079,0.0,1.4,1.4
2020-06-17,22.1,12.8,27.9,29259,0.0,1.54,1.7
2020-06-18,19.5,16.1,26.1,12880,4.8,1.82,2.2
2020-06-19,17.3,15.2,20.1,11985,5.5,1.67,2.3
2020-06-20,17.0,14.4,18.8,12112,3.3,1.6,2.5
2020-06-21,17.9,13.2,23.4,21578,0.0,1.52,2.0
2020-06-22,18.6,11.1,24.7,25667,0.0,1.37,2.2
2020-06-23,18.3,10.3,24.9,31159,0.0,1.32,1.8
2020-06-24,19.9,10.8,25.5,25010,0.0,1.37,2.1
2020-06-25,22.2,16.8,28.0,21292,0.0,1.94,2.4
2020-06-26,21.8,17.0,29.7,22813,12.9,1.99,2.0
2020-06-27,23.1,15.6,30.6,25098,0.2,1.85,2.1
2020-06-28,20.8,15.1,25.5,15247,8.2,1.72,2.5
2020-06-29,17.5,12.6,23.2,20849,2.4,1.46,2.5
2020-06-30,18.0,13.9,22.5,21212,0.0,1.57,3.5
2020-07-01,18.9,15.4,21.7,12900,1.8,1.72,2.8
2020-07-02,18.9,15.0,23.7,19383,0.2,1.69,2.3
2020-07-03,18.4,15.0,23.2,20634,0.0,1.68,2.4
2020-07-04,20.3,14.1,24.4,20480,0.0,1.61,3.3
2020-07-05,22.0,18.2,26.9,14087,0.1,2.06,4.0
2020-07-06,16.5,11.1,20.8,21567,0.4,1.32,4.0
2020-07-07,15.0,10.0,21.1,19246,0.1,1.25,2.5
2020-07-08,14.9,12.2,18.7,11719,0.0,1.4,2.0
2020-07-09,16.0,12.5,19.9,10675,8.2,1.43,2.1
2020-07-10,17.0,10.6,25.1,14196,4.6,1.34,2.9
2020-07-11,14.6,9.1,20.8,20498,0.0,1.17,2.2
2020-07-12,15.2,8.5,21.4,22863,0.0,1.13,1.9
2020-07-13,17.2,8.6,24.1,26865,0.0,1.17,1.6
2020-07-14,20.4,9.7,29.1,23023,0.6,1.33,1.7
2020-07-15,15.3,13.9,17.6,10352,6.7,1.53,1.7
2020-07-16,16.2,10.9,21.3,16997,0.0,1.3,1.7
2020-07-17,16.2,9.3,21.7,15943,0.3,1.21,1.5
2020-07-18,20.0,11.0,27.3,25833,0.0,1.41,1.3
2020-07-19,23.0,13.2,30.3,21752,0.0,1.63,1.5
2020-07-20,18.4,11.9,23.7,19813,2.2,1.43,2.2
2020-07-21,16.3,9.2,23.8,25142,0.0,1.21,2.1
2020-07-22,16.3,9.3,22.8,22073,0.5,1.2,1.8
2020-07-23,17.6,12.5,23.6,22009,0.0,1.46,1.6
2020-07-24,20.1,11.7,28.1,20945,0.0,1.48,2.4
2020-07-25,19.9,12.5,27.4,17393,0.0,1.53,1.9
2020-07-26,17.7,14.9,23.2,14224,16.0,1.68,2.5
2020-07-27,19.6,12.2,25.9,18383,0.0,1.48,1.9
2020-07-28,21.7,14.3,27.4,19553,0.0,1.66,3.3
2020-07-29,17.6,11.4,23.1,19233,0.0,1.38,2.8
2020-07-30,16.8,10.0,23.6,22859,0.0,1.26,1.8
2020-07-31,19.3,10.9,26.3,25483,0.0,1.37,1.6
2020-08-01,22.2,13.4,29.4,24778,0.0,1.63,2.0
2020-08-02,19.6,16.2,22.4,9741,6.8,1.8,1.9
2020-08-03,17.5,12.5,22.8,18360,0.0,1.46,1.9
2020-08-04,16.8,10.5,23.0,18644,0.0,1.31,1.8
2020-08-05,19.7,10.4,27.7,27194,0.0,1.37,1.9
2020-08-06,22.3,13.5,29.9,26964,0.0,1.64,1.7
2020-08-07,24.3,14.2,32.1,25040,0.0,1.76,1.6
2020-08-08,27.0,18.3,35.2,24329,0.0,2.22,1.4
2020-08-09,25.7,18.3,35.2,21695,5.8,2.22,1.7
2020-08-10,24.0,17.9,31.1,18954,0.0,2.1,2.0
2020-08-11,24.4,15.9,31.9,25073,0.0,1.9,2.3
2020-08-12,24.2,16.2,31.1,25669,0.0,1.91,2.3
2020-08-13,23.4,14.5,31.0,15571,0.5,1.75,2.0
2020-08-14,23.5,17.1,28.9,12285,0.0,1.99,1.7
2020-08-15,23.5,14.6,30.8,23642,0.0,1.77,1.4
2020-08-16,24.2,16.5,30.9,24458,0.0,1.93,1.8
2020-08-17,24.5,17.5,31.3,22689,1.7,2.07,1.8
2020-08-18,20.7,17.0,26.1,12651,0.5,1.91,1.8
2020-08-19,20.3,14.9,27.3,18021,0.0,1.73,1.5
2020-08-20,23.4,15.2,31.3,18025,0.0,1.83,1.9
2020-08-21,26.1,17.3,35.4,17911,0.4,2.12,2.2
2020-08-22,22.9,16.2,27.4,12634,1.6,1.87,2.7
2020-08-23,19.8,15.7,25.1,17107,0.0,1.76,3.0
2020-08-24,17.5,13.8,22.4,15286,0.1,1.56,2.3
2020-08-25,17.4,13.1,22.6,14271,1.9,1.51,2.2
2020-08-26,16.7,14.9,19.1,9321,6.2,1.64,5.1
2020-08-27,15.8,11.0,19.1,12823,0.0,1.3,2.7
2020-08-28,16.6,11.8,21.7,9487,0.3,1.39,2.4
2020-08-29,17.2,11.9,23.6,14059,0.0,1.42,2.1
2020-08-30,17.2,10.0,24.4,13615,4.4,1.29,1.8
2020-08-31,16.7,10.7,22.3,13065,0.0,1.31,1.8
2020-09-01,14.6,8.6,19.8,14919,0.0,1.13,1.7
2020-09-02,14.6,10.8,19.5,9804,0.4,1.28,1.5
2020-09-03,16.7,10.8,22.6,15537,7.9,1.31,2.2
2020-09-04,18.0,15.2,22.5,13906,3.2,1.69,2.3
2020-09-05,15.1,12.6,17.1,7599,1.7,1.41,2.3
2020-09-06,14.1,10.2,18.6,15993,0.0,1.24,1.9
2020-09-07,14.3,10.9,19.1,15961,0.0,1.28,1.7
2020-09-08,16.7,10.5,22.5,9229,0.0,1.3,2.4
2020-09-09,19.2,13.9,24.5,9755,1.0,1.59,2.4
2020-09-10,13.7,8.2,18.4,13164,0.0,1.09,1.8
2020-09-11,15.4,8.4,22.2,16730,0.0,1.15,1.4
2020-09-12,17.0,8.1,26.2,17901,0.0,1.19,2.1
2020-09-13,17.1,10.3,24.9,17434,0.0,1.32,1.9
2020-09-14,20.2,10.6,29.6,17774,0.0,1.41,1.5
2020-09-15,22.7,15.3,31.5,17907,0.0,1.84,1.3
2020-09-16,20.7,13.9,29.4,13880,0.0,1.68,1.9
2020-09-17,13.6,5.6,18.8,17370,0.0,0.94,2.7
2020-09-18,11.2,2.3,20.1,17590,0.0,0.8,2.2
2020-09-19,12.7,2.6,21.4,15387,0.0,0.82,1.8
2020-09-20,14.5,5.3,23.7,17050,0.0,0.97,1.7
2020-09-21,15.6,5.2,25.2,16686,0.0,1.0,1.2
2020-09-22,16.8,7.8,26.3,16042,0.0,1.16,1.2
2020-09-23,18.1,12.0,25.7,12134,0.0,1.46,1.9
2020-09-24,16.7,12.3,21.7,9217,10.0,1.43,2.8
2020-09-25,12.9,9.9,15.7,7634,2.5,1.19,2.6
2020-09-26,9.9,8.8,10.8,5349,19.6,1.09,3.0
2020-09-27,9.6,7.0,12.2,5268,0.8,0.97,2.1
2020-09-28,12.7,9.3,18.0,14575,0.0,1.16,1.5
2020-09-29,12.7,8.7,18.8,9537,0.0,1.14,1.6
2020-09-30,12.4,5.7,19.9,14066,0.0,0.96,1.4
2020-10-01,11.8,3.8,17.9,9991,0.0,0.84,2.0
2020-10-02,13.7,8.1,17.6,5991,0.0,1.08,2.9
2020-10-03,16.9,10.7,21.3,9822,0.0,1.3,3.3
2020-10-04,13.0,5.4,18.1,9526,0.0,0.92,2.9
2020-10-05,10.4,5.5,12.4,4890,0.7,0.89,2.7
2020-10-06,11.9,5.6,16.0,5638,0.3,0.91,3.5
2020-10-07,12.5,8.0,14.9,6288,1.5,1.05,3.2
2020-10-08,12.2,6.3,14.4,5708,7.4,0.95,3.5
2020-10-09,12.7,8.0,14.9,4818,0.7,1.05,2.2
2020-10-10,10.1,2.6,12.9,6721,0.3,0.75,2.6
2020-10-11,8.0,1.4,12.0,7249,0.0,0.69,2.0
2020-10-12,8.2,0.7,11.5,6600,0.0,0.65,1.6
2020-10-13,7.5,-0.4,12.1,5427,1.2,0.61,1.6
2020-10-14,10.1,7.2,10.7,3975,5.8,0.98,3.4
2020-10-15,9.8,6.7,10.8,3905,0.5,0.94,2.7
2020-10-16,8.7,4.2,11.2,3984,0.3,0.81,2.1
2020-10-17,9.1,3.8,12.0,6113,0.1,0.79,1.4
2020-10-18,7.7,3.3,9.3,3771,0.7,0.76,2.3
2020-10-19,8.3,3.1,11.1,4492,0.0,0.75,1.7
2020-10-20,8.4,1.6,11.7,4132,3.8,0.69,2.4
2020-10-21,12.5,7.7,17.5,3500,0.7,1.05,2.9
2020-10-22,16.4,12.1,18.8,6341,0.0,1.38,3.0
2020-10-23,13.3,9.0,15.3,4193,13.6,1.13,2.0
2020-10-24,13.1,7.7,16.6,6551,0.0,1.04,2.8
2020-10-25,12.7,7.5,16.3,6251,0.0,1.03,2.8
2020-10-26,11.0,6.7,12.6,3254,0.4,0.95,2.4
2020-10-27,9.4,4.7,12.6,4822,0.0,0.84,3.1
2020-10-28,10.4,6.0,14.2,4678,2.0,0.92,3.4
2020-10-29,10.0,5.6,11.4,4982,2.3,0.89,3.5
2020-10-30,11.5,5.5,13.8,2956,9.1,0.89,3.3
2020-10-31,13.7,9.3,15.1,2900,1.6,1.14,2.2
2020-11-01,12.8,10.2,15.2,3336,10.8,1.2,2.9
2020-11-02,16.9,14.4,20.3,4607,2.5,1.61,4.0
2020-11-03,11.5,8.7,14.5,5907,0.0,1.1,2.7
2020-11-04,8.3,4.7,10.9,7411,0.0,0.83,2.3
2020-11-05,7.4,3.6,10.8,6545,0.0,0.78,2.2
2020-11-06,8.8,8.1,9.5,2590,0.0,1.04,1.8
2020-11-07,7.0,1.6,11.3,5272,0.0,0.69,1.7
2020-11-08,4.9,0.5,11.0,6710,0.0,0.64,1.4
2020-11-09,5.8,4.8,6.2,2449,0.0,0.82,1.8
2020-11-10,5.4,4.1,6.2,2404,0.0,0.79,1.8
2020-11-11,6.2,5.5,7.0,2361,0.0,0.87,1.6
2020-11-12,8.0,5.6,11.2,4408,0.4,0.88,2.3
2020-11-13,7.9,4.3,11.7,5136,0.1,0.82,2.0
2020-11-14,11.0,8.2,14.3,2656,0.0,1.06,2.0
2020-11-15,10.0,7.6,13.8,4836,0.7,1.02,3.1
2020-11-16,9.9,7.1,12.2,3643,0.0,0.98,3.5
2020-11-17,10.1,6.8,11.5,2376,0.4,0.96,3.0
2020-11-18,10.7,7.6,12.1,2088,0.0,1.01,2.7
2020-11-19,8.8,3.1,12.0,2498,0.2,0.76,4.0
2020-11-20,3.1,0.4,6.0,4320,0.0,0.61,2.2
2020-11-21,3.7,-0.8,7.3,2182,0.0,0.57,3.0
2020-11-22,8.1,6.0,10.6,3011,0.1,0.91,2.8
2020-11-23,5.9,3.7,8.3,4441,0.0,0.78,2.4
2020-11-24,3.2,-0.1,8.2,2885,0.0,0.6,2.4
2020-11-25,0.9,-0.6,3.0,1871,0.0,0.56,2.2
2020-11-26,4.8,-0.5,7.5,1844,0.9,0.59,1.9
2020-11-27,5.6,3.3,6.9,1865,0.0,0.74,1.4
2020-11-28,3.1,0.5,4.6,1795,0.0,0.61,1.8
2020-11-29,2.0,-0.9,4.3,2041,0.4,0.55,1.8
2020-11-30,2.0,1.3,2.6,1750,0.0,0.65,2.1
2020-12-01,2.5,-0.2,3.6,1729,0.0,0.58,2.0
2020-12-02,-0.6,-3.5,2.7,3900,0.0,0.46,1.8
2020-12-03,-0.7,-2.5,1.2,1691,0.0,0.49,3.0
2020-12-04,0.7,-1.7,3.2,1889,0.0,0.52,3.0
2020-12-05,2.8,0.5,6.7,2601,0.0,0.62,2.0
2020-12-06,6.6,1.8,10.4,2068,0.0,0.69,1.9
2020-12-07,5.5,0.1,8.4,1967,0.0,0.61,2.4
2020-12-08,3.6,0.9,6.9,3809,0.1,0.63,1.8
2020-12-09,2.0,1.3,2.8,1603,0.1,0.65,1.8
2020-12-10,-0.2,-0.7,1.4,1592,0.0,0.56,1.6
2020-12-11,0.0,-0.9,1.5,1582,0.0,0.55,2.8
2020-12-12,1.1,-0.7,2.8,2238,0.0,0.56,2.2
2020-12-13,2.7,1.7,4.0,1566,0.0,0.66,1.8
2020-12-14,5.3,1.9,7.8,1766,0.0,0.69,2.6
2020-12-15,5.8,4.2,8.1,1678,0.3,0.8,2.2
2020-12-16,7.6,5.2,9.0,2043,0.0,0.85,1.9
2020-12-17,5.8,2.8,9.2,2573,1.2,0.74,2.6
2020-12-18,5.5,1.6,8.9,4087,0.0,0.68,2.3
2020-12-19,3.4,1.0,7.3,4372,0.0,0.64,2.7
2020-12-20,4.0,2.2,5.8,2364,1.7,0.69,2.3
2020-12-21,4.9,3.3,7.4,3883,6.5,0.75,2.7
2020-12-22,9.2,5.7,13.8,1630,1.6,0.91,3.8
2020-12-23,7.0,5.8,11.0,1551,3.7,0.89,2.2
2020-12-24,6.2,2.8,10.9,1597,2.0,0.74,3.4
2020-12-25,2.3,0.4,3.9,1603,0.0,0.6,2.4
2020-12-26,0.9,-1.6,2.9,1568,0.0,0.52,3.0
2020-12-27,1.7,0.8,2.8,1742,0.0,0.62,5.0
2020-12-28,2.3,0.2,4.2,2044,3.1,0.6,2.6
2020-12-29,1.8,0.0,3.8,2433,0.0,0.59,2.6
2020-12-30,2.0,-0.5,5.2,3794,0.0,0.57,2.7
2020-12-31,2.2,0.5,3.9,2549,0.8,0.61,2.4
2021-01-01,2.1,0.8,3.8,1872,0.4,0.62,1.4
2021-01-02,2.0,0.3,3.7,1674,0.0,0.6,1.6
2021-01-03,0.6,-0.4,1.5,1646,3.0,0.57,2.6
2021-01-04,0.7,0.1,1.1,1662,0.7,0.59,2.6
2021-01-05,1.8,0.5,3.3,1678,0.6,0.61,2.6
2021-01-06,1.8,0.6,3.3,1696,0.5,0.61,2.2
2021-01-07,0.9,0.1,1.5,1715,0.0,0.59,2.1
2021-01-08,0.7,-0.1,1.7,1735,0.2,0.58,2.1
2021-01-09,1.2,-0.2,2.4,1757,0.1,0.58,1.6
2021-01-10,0.2,-1.0,1.5,1869,0.1,0.54,1.9
2021-01-11,0.9,-0.3,2.0,1802,1.8,0.57,3.2
2021-01-12,1.8,0.1,3.6,1873,1.1,0.59,4.0
2021-01-13,1.5,-0.2,3.9,1853,2.0,0.58,4.2
2021-01-14,1.3,-0.3,2.6,2441,0.0,0.57,2.9
2021-01-15,-0.5,-2.9,1.0,1908,0.0,0.48,2.2
2021-01-16,-1.7,-3.6,-0.7,1985,0.0,0.45,2.1
2021-01-17,-3.0,-5.6,-0.5,2305,0.0,0.39,1.6
2021-01-18,-0.6,-5.3,3.0,1999,3.6,0.41,2.9
2021-01-19,2.6,0.0,6.2,2032,8.6,0.6,3.8
2021-01-20,5.8,2.9,8.1,2115,0.0,0.73,3.6
2021-01-21,7.9,4.4,12.3,3358,1.3,0.83,4.4
2021-01-22,6.5,1.0,10.7,2289,0.3,0.66,3.5
2021-01-23,1.2,-0.4,3.4,2174,0.0,0.57,2.1
2021-01-24,0.6,-0.8,1.6,2212,1.8,0.56,2.4
2021-01-25,0.6,-0.5,1.3,2252,0.0,0.57,1.8
2021-01-26,0.6,-1.7,2.9,4692,0.0,0.52,3.0
2021-01-27,1.5,-1.1,4.7,4978,1.0,0.55,2.5
2021-01-28,1.4,-2.2,3.9,2487,0.4,0.5,2.6
2021-01-29,-1.2,-2.4,0.5,2422,3.0,0.49,3.5
2021-01-30,-1.7,-8.7,1.0,5041,0.0,0.32,2.6
2021-01-31,-8.1,-13.6,-2.0,7045,0.0,0.22,2.1
2021-02-01,-3.2,-8.8,0.2,4052,0.2,0.31,2.2
2021-02-02,0.2,-1.2,1.4,2610,1.3,0.54,2.3
2021-02-03,3.4,0.4,7.6,2895,13.5,0.62,3.3
2021-02-04,0.7,-0.1,1.8,2711,0.3,0.58,2.8
2021-02-05,0.0,-1.4,1.0,2763,1.9,0.53,2.4
2021-02-06,-1.8,-4.2,-0.5,2817,0.0,0.43,3.9
2021-02-07,-5.6,-7.4,-3.9,2871,0.2,0.34,4.8
2021-02-08,-8.4,-11.3,-5.9,2926,1.0,0.25,3.6
2021-02-09,-9.3,-13.6,-7.6,2983,0.0,0.21,1.9
2021-02-10,-8.5,-12.1,-3.5,5412,0.1,0.24,2.3
2021-02-11,-4.8,-8.8,-2.0,5436,0.0,0.31,1.8
2021-02-12,-6.2,-10.2,-2.2,9336,0.0,0.28,2.3
2021-02-13,-7.4,-12.7,-1.5,7876,0.0,0.24,2.1
2021-02-14,-7.5,-10.4,-3.0,7860,0.0,0.27,2.0
2021-02-15,-5.4,-12.6,0.2,5388,1.9,0.24,2.7
2021-02-16,1.6,-1.7,3.6,3406,1.9,0.53,2.2
2021-02-17,4.9,1.3,7.3,3959,0.2,0.65,2.9
2021-02-18,6.1,2.6,9.9,7070,3.0,0.72,2.5
2021-02-19,5.7,0.9,9.7,9468,0.0,0.65,2.5
2021-02-20,6.2,0.2,12.7,9243,0.0,0.64,2.2
2021-02-21,8.8,3.8,16.2,10915,0.0,0.82,2.2
2021-02-22,6.3,0.5,12.9,11068,0.0,0.66,2.0
2021-02-23,10.8,4.6,18.0,8224,0.0,0.89,2.0
2021-02-24,12.9,6.9,19.0,9709,0.0,1.02,2.2
2021-02-25,11.7,6.0,18.5,10460,2.5,0.97,2.1
2021-02-26,7.5,3.2,9.5,4788,0.0,0.75,2.4
2021-02-27,4.6,1.6,6.1,4163,0.0,0.67,2.3
2021-02-28,2.8,0.0,4.6,4237,0.0,0.59,2.0
2021-03-01,3.6,-1.6,7.9,8559,0.0,0.55,1.6
2021-03-02,1.2,-2.7,8.1,8518,0.0,0.51,1.4
2021-03-03,6.1,-2.0,14.4,11095,0.0,0.57,1.6
2021-03-04,3.1,1.6,6.1,4538,0.2,0.67,2.4
2021-03-05,1.3,-2.4,5.8,13061,0.0,0.51,2.4
2021-03-06,1.2,-2.5,3.8,6383,0.0,0.5,2.3
2021-03-07,2.6,0.3,5.0,5112,0.2,0.61,2.5
2021-03-08,1.3,-2.4,5.9,13901,0.0,0.51,1.6
2021-03-09,0.8,-3.1,6.5,11545,0.0,0.49,1.6
2021-03-10,1.9,-4.9,7.9,13272,1.4,0.44,2.2
2021-03-11,6.4,2.5,13.3,7396,4.7,0.75,5.2
2021-03-12,7.0,4.0,9.8,8215,0.7,0.79,5.0
2021-03-13,5.8,3.7,10.2,5973,5.2,0.78,5.4
2021-03-14,4.9,3.3,7.8,6335,1.9,0.75,4.2
2021-03-15,4.5,2.2,7.0,6702,3.1,0.7,3.6
2021-03-16,4.3,0.9,7.4,10234,0.0,0.64,3.2
2021-03-17,1.8,-1.8,6.5,7264,2.4,0.53,2.0
2021-03-18,2.0,-1.8,7.1,7834,0.4,0.53,1.6
2021-03-19,0.0,-3.6,3.9,7935,0.3,0.46,2.5
2021-03-20,0.9,-2.9,3.7,9094,0.0,0.48,2.4
2021-03-21,5.3,0.8,10.2,9883,0.1,0.65,3.7
2021-03-22,4.6,0.1,9.4,13518,0.4,0.62,2.4
2021-03-23,5.5,3.9,7.2,6073,0.0,0.77,2.0
2021-03-24,7.6,4.2,12.9,10825,0.0,0.82,1.8
2021-03-25,8.0,0.8,14.2,13446,0.5,0.68,1.7
2021-03-26,9.5,5.3,14.8,11970,0.1,0.89,2.2
2021-03-27,5.9,1.9,10.2,9555,3.6,0.69,4.0
2021-03-28,7.2,1.4,11.8,10275,0.5,0.68,3.1
2021-03-29,13.8,8.8,20.1,12137,0.0,1.15,2.9
2021-03-30,14.0,6.6,21.5,19005,0.0,1.03,1.7
2021-03-31,13.9,3.3,23.6,19276,0.0,0.88,1.3
2021-04-01,10.6,4.6,16.5,8188,0.0,0.87,2.5
2021-04-02,5.2,-0.5,10.9,12091,0.4,0.61,3.1
2021-04-03,4.7,-1.8,9.8,16575,0.0,0.55,2.8
2021-04-04,4.0,-3.6,9.9,16289,0.0,0.49,2.5
2021-04-05,3.5,-0.6,5.9,10709,2.5,0.58,4.8
2021-04-06,1.2,-1.6,6.6,13960,1.4,0.54,4.0
2021-04-07,2.6,0.1,6.0,9495,1.0,0.6,4.3
2021-04-08,4.0,1.6,7.1,9149,0.0,0.67,3.5
2021-04-09,7.4,0.0,12.8,15312,1.1,0.64,3.0
2021-04-10,6.7,3.4,10.3,9329,7.1,0.76,2.0
2021-04-11,10.1,2.7,18.6,11650,1.8,0.79,3.0
2021-04-12,4.4,0.6,8.1,11525,0.2,0.63,2.7
2021-04-13,4.0,-0.3,9.3,16697,0.0,0.6,2.6
2021-04-14,3.9,-0.3,8.7,15460,0.0,0.59,2.1
2021-04-15,3.8,-1.1,8.2,11474,0.0,0.56,2.3
2021-04-16,6.9,3.7,11.4,14657,0.1,0.78,2.4
2021-04-17,8.6,4.8,13.4,11430,0.5,0.85,2.1
2021-04-18,6.7,3.1,11.4,8981,3.7,0.76,1.6
2021-04-19,9.1,4.0,16.6,14856,0.0,0.84,1.7
2021-04-20,9.8,1.7,17.6,22526,0.0,0.74,1.6
2021-04-21,9.5,2.6,17.0,19501,0.0,0.78,2.6
2021-04-22,7.1,3.5,11.2,13750,0.0,0.77,3.6
2021-04-23,7.7,2.4,13.5,19026,0.0,0.74,2.6
2021-04-24,6.5,1.6,12.0,17127,0.0,0.69,2.3
2021-04-25,5.7,-0.4,10.7,16635,0.0,0.6,2.4
2021-04-26,4.3,-2.6,10.0,20186,0.0,0.52,2.1
2021-04-27,6.4,-3.0,12.8,25672,0.0,0.53,2.5
2021-04-28,10.6,-0.1,17.5,23518,0.4,0.66,2.2
2021-04-29,9.8,7.2,16.0,13046,3.2,1.01,3.0
2021-04-30,7.9,4.5,10.1,9384,0.0,0.82,1.9
2021-05-01,8.8,4.3,13.2,13566,0.0,0.82,1.7
2021-05-02,8.2,5.8,12.3,10487,2.4,0.91,2.7
2021-05-03,6.7,2.8,11.1,15179,0.1,0.74,2.8
2021-05-04,10.0,3.3,15.1,12939,1.6,0.8,5.1
2021-05-05,8.4,4.9,13.4,15212,0.7,0.87,5.1
2021-05-06,7.5,3.3,12.0,21052,0.7,0.77,3.1
2021-05-07,5.2,2.5,9.7,13517,6.7,0.72,3.0
2021-05-08,9.2,3.0,14.4,17774,0.0,0.77,2.4
2021-05-09,18.3,9.8,26.1,24396,0.0,1.29,3.0
2021-05-10,20.7,13.7,29.6,25969,0.0,1.66,2.6
2021-05-11,18.2,12.7,25.6,18120,11.0,1.5,2.3
2021-05-12,12.6,11.6,14.3,9740,4.9,1.32,2.5
2021-05-13,11.0,10.5,11.7,9793,8.6,1.22,2.2
2021-05-14,9.6,7.6,10.8,9845,1.2,1.01,2.2
2021-05-15,12.1,5.2,18.3,20766,1.5,0.91,2.3
2021-05-16,11.8,6.3,17.2,16077,0.2,0.96,2.4
2021-05-17,12.7,8.0,18.3,16636,0.1,1.08,2.6
2021-05-18,11.2,7.8,14.6,12299,2.2,1.03,2.5
2021-05-19,12.1,8.4,16.9,24291,0.4,1.09,2.2
2021-05-20,12.2,9.2,16.8,20453,0.1,1.15,2.3
2021-05-21,14.6,9.1,20.6,21266,1.1,1.18,3.6
2021-05-22,12.0,7.7,16.4,16273,0.7,1.05,4.2
2021-05-23,11.5,8.4,16.3,15942,0.4,1.09,3.0
2021-05-24,15.0,6.1,20.9,25980,1.1,0.99,2.7
2021-05-25,12.0,9.6,14.9,16411,1.9,1.16,3.7
2021-05-26,11.8,9.3,14.9,15693,1.3,1.15,3.4
2021-05-27,11.6,9.0,14.7,13577,2.0,1.11,3.1
2021-05-28,11.9,7.8,16.4,19328,1.3,1.05,2.1
2021-05-29,11.1,6.1,16.3,16318,0.0,0.95,2.1
2021-05-30,13.8,7.2,19.7,29326,0.0,1.04,2.1
2021-05-31,13.9,3.1,21.6,30005,0.0,0.85,1.8
2021-06-01,16.7,8.7,23.5,21642,0.0,1.19,1.9
2021-06-02,17.8,9.9,25.1,27410,0.0,1.28,2.2
2021-06-03,21.2,14.3,26.9,28083,0.2,1.66,2.0
2021-06-04,19.9,15.8,24.8,21100,0.0,1.77,1.6
2021-06-05,21.3,13.6,28.0,26616,0.0,1.63,1.9
2021-06-06,20.3,13.4,27.2,21793,0.1,1.59,1.9
2021-06-07,19.8,11.4,26.3,29992,0.0,1.41,1.8
2021-06-08,20.0,13.0,25.9,28612,0.0,1.55,1.6
2021-06-09,20.1,10.4,26.7,30169,0.0,1.33,1.4
2021-06-10,21.1,13.8,26.9,26099,0.0,1.61,1.5
2021-06-11,21.3,14.5,26.7,21513,0.0,1.68,1.7
2021-06-12,18.1,12.8,21.7,16284,0.1,1.47,3.2
2021-06-13,14.8,10.1,20.7,18471,0.0,1.25,2.7
2021-06-14,19.4,8.4,26.9,29486,0.0,1.21,1.8
2021-06-15,19.0,13.3,23.7,19899,0.0,1.54,1.7
2021-06-16,20.8,11.5,28.2,29505,0.0,1.45,1.7
2021-06-17,26.5,18.1,33.9,30279,0.0,2.17,2.1
2021-06-18,27.7,19.8,34.6,30411,0.0,2.38,1.8
2021-06-19,27.6,18.9,34.3,27085,0.0,2.28,1.9
2021-06-20,26.7,19.9,33.1,20943,1.5,2.36,2.4
2021-06-21,24.0,19.1,29.7,23117,0.0,2.23,2.7
2021-06-22,17.6,12.1,22.5,12878,0.0,1.43,2.3
2021-06-23,15.2,11.4,18.5,14793,0.1,1.32,1.8
2021-06-24,16.4,11.4,20.3,10823,0.3,1.34,1.6
2021-06-25,19.2,14.8,23.2,17082,0.0,1.68,1.6
2021-06-26,19.7,11.6,26.1,23721,0.0,1.42,1.3
2021-06-27,20.6,11.3,27.4,29842,0.0,1.42,1.6
2021-06-28,24.2,12.8,30.6,23821,0.0,1.58,1.8
2021-06-29,22.6,16.0,26.5,14991,4.7,1.82,1.9
2021-06-30,17.1,16.0,18.2,10763,65.2,1.76,2.6
2021-07-01,15.5,14.0,16.6,10748,4.7,1.53,2.8
2021-07-02,19.2,14.7,24.4,23743,0.0,1.68,2.1
2021-07-03,19.0,13.5,24.1,27416,0.0,1.55,1.5
2021-07-04,21.4,12.9,27.3,27005,0.0,1.56,1.6
2021-07-05,19.5,15.5,24.3,18315,1.9,1.75,2.0
2021-07-06,22.2,16.1,28.7,20070,2.3,1.87,2.7
2021-07-07,18.8,16.3,22.6,18005,1.7,1.82,1.7
2021-07-08,18.5,15.1,21.6,12127,1.4,1.68,1.5
2021-07-09,16.3,14.4,18.6,10575,22.4,1.59,2.3
2021-07-10,19.0,14.5,25.1,21083,0.0,1.67,1.9
2021-07-11,22.4,15.5,28.0,26245,0.0,1.8,1.8
2021-07-12,21.1,15.9,26.4,13782,0.0,1.81,1.8
2021-07-13,23.5,15.1,29.7,23622,0.8,1.8,2.0
2021-07-14,21.0,14.8,24.5,16747,0.0,1.69,2.2
2021-07-15,21.4,14.1,28.1,24413,0.0,1.68,1.7
2021-07-16,22.9,16.9,29.0,21712,6.2,1.96,2.1
2021-07-17,22.9,17.5,29.9,19267,0.0,2.05,2.7
2021-07-18,21.3,15.1,26.9,25892,0.0,1.74,2.6
2021-07-19,17.2,12.5,20.1,11872,0.0,1.43,2.2
2021-07-20,17.6,13.9,21.7,16225,0.0,1.57,1.8
2021-07-21,17.8,13.0,22.1,11533,0.0,1.5,1.7
2021-07-22,18.8,14.3,23.5,14119,0.0,1.63,1.5
2021-07-23,18.6,12.9,24.9,23825,0.0,1.51,1.3
2021-07-24,22.5,12.2,29.4,22509,0.0,1.52,2.0
2021-07-25,23.9,18.2,30.4,19573,0.0,2.12,1.8
2021-07-26,23.1,17.7,29.0,14530,0.0,2.05,1.6
2021-07-27,22.7,17.5,27.5,21680,0.0,1.98,2.0
2021-07-28,19.7,16.7,24.7,15654,2.1,1.88,2.5
2021-07-29,20.0,13.9,24.5,23267,0.0,1.59,3.4
2021-07-30,20.2,13.3,26.5,26524,0.0,1.57,2.5
2021-07-31,19.7,15.9,23.2,17927,0.0,1.77,3.3
2021-08-01,17.2,13.3,22.0,14409,9.6,1.52,2.2
2021-08-02,16.8,11.8,22.4,18271,0.0,1.39,2.4
2021-08-03,17.3,10.8,22.4,13784,0.1,1.32,1.5
2021-08-04,17.6,13.9,22.5,14815,1.6,1.57,1.4
2021-08-05,17.8,12.7,24.2,16206,0.0,1.48,1.7
2021-08-06,18.3,13.5,26.3,17952,4.0,1.59,2.4
2021-08-07,18.7,13.4,24.1,18839,0.2,1.54,2.2
2021-08-08,18.0,11.9,23.3,17904,0.0,1.4,3.1
2021-08-09,16.5,10.5,23.3,15886,0.2,1.3,2.3
2021-08-10,17.5,12.2,23.6,16404,2.2,1.43,2.0
2021-08-11,17.6,12.2,24.1,19794,0.0,1.44,1.5
2021-08-12,20.8,13.7,27.2,21965,0.0,1.6,1.3
2021-08-13,23.4,16.3,29.5,20308,0.5,1.91,2.0
2021-08-14,21.4,15.1,27.5,23290,0.0,1.75,2.1
2021-08-15,20.5,13.6,26.5,21515,0.0,1.61,1.8
2021-08-16,18.0,11.0,25.2,14326,7.4,1.38,3.5
2021-08-17,14.8,11.1,18.6,9183,0.8,1.3,3.8
2021-08-18,16.6,12.4,20.1,11568,0.1,1.42,3.2
2021-08-19,17.8,14.1,21.3,9269,2.0,1.57,2.6
2021-08-20,17.4,13.5,21.0,11052,0.8,1.51,1.7
2021-08-21,18.7,13.1,24.2,18372,0.0,1.52,1.3
2021-08-22,17.5,14.3,21.4,9962,10.0,1.61,2.1
2021-08-23,16.2,13.4,19.6,9422,0.0,1.51,2.5
2021-08-24,16.1,9.6,21.9,20305,0.0,1.22,2.1
2021-08-25,14.8,7.3,21.9,13012,3.6,1.08,2.4
2021-08-26,13.5,11.5,16.9,10084,10.0,1.31,2.8
2021-08-27,14.2,11.5,18.4,12137,0.9,1.34,2.5
2021-08-28,15.1,11.6,19.5,10806,1.7,1.34,2.1
2021-08-29,15.5,13.6,19.2,9152,26.4,1.51,2.2
2021-08-30,15.4,13.1,17.9,7735,3.7,1.46,2.4
2021-08-31,16.0,11.2,20.4,14277,0.0,1.32,2.3
2021-09-01,14.9,10.4,21.8,14052,0.0,1.28,1.8
2021-09-02,14.5,9.2,19.8,12299,0.0,1.18,1.6
2021-09-03,16.0,8.1,23.5,19899,0.0,1.15,1.8
2021-09-04,13.5,9.9,17.6,8954,0.0,1.2,1.5
2021-09-05,14.7,9.5,20.0,10151,0.0,1.2,1.6
2021-09-06,16.0,7.8,22.7,17623,0.0,1.11,1.2
2021-09-07,16.3,11.0,22.5,17795,0.0,1.33,1.1
2021-09-08,17.1,8.0,24.5,19858,0.0,1.14,1.6
2021-09-09,19.4,11.6,27.0,19588,0.0,1.43,1.7
2021-09-10,19.7,14.8,26.5,15473,13.1,1.7,1.6
2021-09-11,18.9,15.6,23.6,9550,9.5,1.76,1.9
2021-09-12,17.5,14.4,21.1,7807,0.0,1.62,1.8
2021-09-13,14.8,10.3,18.4,8735,0.0,1.23,1.5
2021-09-14,15.4,7.6,21.6,18041,0.0,1.09,1.5
2021-09-15,18.2,13.7,23.3,7735,2.3,1.57,1.9
2021-09-16,17.0,15.4,18.9,7443,0.0,1.69,2.5
2021-09-17,14.5,12.5,16.3,6957,0.0,1.4,2.0
2021-09-18,13.9,11.6,17.4,6378,0.2,1.32,1.8
2021-09-19,12.6,10.9,15.7,6585,0.0,1.27,2.1
2021-09-20,11.9,10.0,15.3,6595,0.0,1.2,1.5
2021-09-21,12.2,9.8,15.5,7370,0.0,1.17,1.8
2021-09-22,13.4,10.4,18.6,9652,0.0,1.24,1.9
2021-09-23,14.9,10.0,18.4,8218,0.4,1.22,3.5
2021-09-24,14.8,10.8,17.5,8115,0.0,1.27,2.9
2021-09-25,17.3,13.2,20.9,7364,0.0,1.5,1.7
2021-09-26,18.7,12.8,24.7,14339,0.1,1.51,1.6
2021-09-27,17.1,14.7,19.6,5531,1.1,1.62,1.9
2021-09-28,14.9,10.2,18.2,8155,0.3,1.23,1.6
2021-09-29,12.6,9.1,16.8,6887,8.0,1.14,2.7
2021-09-30,11.2,8.6,15.8,10157,0.0,1.09,3.1
2021-10-01,12.2,7.2,18.4,13101,0.0,1.03,2.6
2021-10-02,13.9,8.7,19.6,9991,0.0,1.14,2.5
2021-10-03,17.8,14.8,21.6,4872,0.0,1.64,3.5
2021-10-04,13.6,10.8,17.4,4879,0.8,1.26,2.0
2021-10-05,11.5,10.8,12.1,4716,17.1,1.25,2.2
2021-10-06,12.4,7.8,16.1,10403,0.0,1.05,2.5
2021-10-07,10.5,3.6,17.4,13244,0.0,0.82,1.2
2021-10-08,11.1,6.3,16.6,9970,0.0,0.97,1.8
2021-10-09,8.7,3.1,15.1,12915,0.0,0.78,2.0
2021-10-10,7.5,2.2,14.1,11789,0.0,0.73,1.4
2021-10-11,8.8,3.9,14.2,8227,2.3,0.81,2.1
2021-10-12,8.5,4.7,12.4,9052,0.0,0.84,2.5
2021-10-13,7.4,3.3,11.8,10634,1.8,0.77,1.9
2021-10-14,11.0,8.6,13.4,4123,2.5,1.09,2.6
2021-10-15,10.8,6.3,13.1,5492,0.9,0.94,2.8
2021-10-16,8.9,5.3,12.0,5630,0.0,0.87,1.7
2021-10-17,9.5,6.6,11.7,4058,1.4,0.95,1.6
2021-10-18,11.2,8.4,15.9,6113,0.0,1.09,1.8
2021-10-19,12.3,7.7,16.2,4641,0.0,1.04,2.6
2021-10-20,15.6,12.3,18.7,3775,0.5,1.4,3.8
2021-10-21,12.2,6.0,17.0,4557,6.2,0.95,5.4
2021-10-22,7.1,5.1,10.4,3500,2.7,0.86,4.3
2021-10-23,7.2,4.9,11.2,7517,0.0,0.85,2.3
2021-10-24,7.2,2.9,12.1,9797,0.0,0.75,2.0
2021-10-25,6.5,2.2,12.1,7362,0.0,0.72,1.9
2021-10-26,10.2,5.3,13.7,3516,0.0,0.89,2.4
2021-10-27,12.8,10.6,14.6,3715,0.0,1.23,2.6
2021-10-28,10.4,6.4,15.4,8924,0.0,0.96,2.1
2021-10-29,8.3,3.4,14.2,8538,0.0,0.79,2.3
2021-10-30,9.7,5.9,14.2,7778,0.0,0.92,2.4
2021-10-31,12.8,8.5,17.0,5467,0.0,1.1,2.7
2021-11-01,10.4,8.4,11.9,2900,0.1,1.06,2.6
2021-11-02,8.7,6.7,12.2,4561,0.0,0.96,1.7
2021-11-03,6.3,1.1,10.4,3579,0.0,0.66,1.6
2021-11-04,7.1,5.6,8.7,2740,38.8,0.87,2.9
2021-11-05,8.1,6.6,9.8,2807,0.1,0.94,2.5
2021-11-06,8.9,6.9,10.7,3280,0.0,0.96,3.0
2021-11-07,8.6,7.0,10.9,3799,2.6,0.97,4.0
2021-11-08,8.6,7.0,10.5,3736,0.3,0.97,2.2
2021-11-09,8.0,3.8,11.7,3844,0.0,0.79,2.0
2021-11-10,4.7,1.3,9.2,6003,0.0,0.66,1.5
2021-11-11,4.7,-0.5,7.8,2404,0.1,0.58,1.4
2021-11-12,6.6,2.8,9.0,2523,0.1,0.73,1.9
2021-11-13,4.9,2.5,8.2,4086,0.0,0.71,1.8
2021-11-14,5.7,3.4,6.9,2277,0.0,0.75,2.0
2021-11-15,5.5,4.9,6.0,2237,0.0,0.83,2.3
2021-11-16,5.6,4.5,6.7,2198,0.0,0.81,1.4
2021-11-17,5.4,3.7,7.4,2160,0.1,0.77,2.4
2021-11-18,8.1,5.4,10.0,2174,2.0,0.87,3.2
2021-11-19,11.5,9.4,12.8,2088,0.0,1.14,3.4
2021-11-20,10.8,9.4,11.7,2202,0.0,1.14,2.8
2021-11-21,7.6,3.5,9.5,2020,0.2,0.77,2.3
2021-11-22,3.3,0.7,5.7,5425,0.1,0.62,2.2
2021-11-23,5.3,0.7,7.0,1957,0.4,0.62,2.2
2021-11-24,6.8,5.7,7.4,1927,0.0,0.89,1.9
2021-11-25,4.8,3.7,6.1,2133,0.0,0.76,2.1
2021-11-26,4.3,1.7,5.9,2103,0.1,0.67,2.7
2021-11-27,1.8,0.0,3.5,1844,2.6,0.59,2.3
2021-11-28,1.6,-1.5,4.0,4284,0.2,0.53,1.4
2021-11-29,2.1,1.0,3.0,2247,0.4,0.63,2.4
2021-11-30,3.6,1.0,6.3,1772,3.6,0.64,5.1
2021-12-01,5.9,1.2,8.8,1750,3.5,0.66,5.2
2021-12-02,1.7,-2.1,5.1,4555,0.0,0.51,3.4
2021-12-03,0.7,-1.9,2.5,2980,0.8,0.51,3.7
2021-12-04,1.8,0.0,2.5,1691,3.6,0.59,2.7
2021-12-05,0.5,-0.2,0.9,1673,0.2,0.58,2.2
2021-12-06,0.2,-1.8,1.6,1700,0.0,0.52,2.0
2021-12-07,-0.4,-1.8,0.6,1770,0.0,0.52,2.9
2021-12-08,0.1,-0.7,1.1,1628,0.0,0.56,2.9
2021-12-09,-1.0,-2.4,-0.4,1615,1.9,0.49,2.0
2021-12-10,-0.2,-1.2,0.4,1603,0.0,0.53,1.9
2021-12-11,-0.3,-1.7,1.0,1592,0.0,0.52,2.0
2021-12-12,1.6,-1.2,5.5,1582,0.4,0.55,2.5
2021-12-13,7.5,4.8,9.6,1574,0.6,0.83,1.8
2021-12-14,7.5,6.7,8.1,1566,0.1,0.95,1.9
2021-12-15,8.6,7.3,9.7,1560,0.0,0.98,2.1
2021-12-16,7.2,4.2,9.5,2583,0.0,0.8,1.9
2021-12-17,5.5,4.3,6.5,1550,0.0,0.8,2.0
2021-12-18,6.1,4.3,7.9,1547,0.0,0.81,2.3
2021-12-19,5.9,0.4,7.4,1545,1.0,0.61,3.4
2021-12-20,0.8,-1.4,3.0,4085,0.0,0.54,1.8
2021-12-21,-0.3,-1.4,0.7,1544,0.0,0.53,1.3
2021-12-22,-1.6,-4.1,0.4,3719,0.0,0.44,1.7
2021-12-23,-0.9,-3.9,1.4,1548,10.1,0.44,2.4
2021-12-24,1.6,-5.1,5.0,1551,6.6,0.42,3.2
2021-12-25,-6.0,-9.6,-1.4,4481,0.0,0.29,2.0
2021-12-26,-6.8,-11.3,-1.9,4493,0.0,0.26,2.0
2021-12-27,-3.0,-7.8,-0.5,1568,0.0,0.33,2.5
2021-12-28,-0.1,-3.1,2.4,1576,2.0,0.47,3.2
2021-12-29,3.9,1.2,5.2,1585,0.0,0.64,2.5
2021-12-30,8.9,3.4,12.5,1595,1.6,0.78,3.5
2021-12-31,12.6,11.2,13.9,1606,6.0,1.28,3.8
